Book Title,Price,Rating
Birdsong: A Story in Pictures,Â£54.64,Three
The Bear and the Piano,Â£36.89,One
The Secret of Dreadwillow Carse,Â£56.13,One
The White Cat and the Monk: A Retelling of the Poem âPangur BÃ¡nâ,Â£58.08,Four
Little Red,Â£13.47,Three
Walt Disney's Alice in Wonderland,Â£12.96,Five
Twenty Yawns,Â£22.08,Two
Rain Fish,Â£23.57,Three
Once Was a Time,Â£18.28,Two
Luis Paints the World,Â£53.95,Three
Nap-a-Roo,Â£25.08,One
The Whale,Â£35.96,Four
"Shrunken Treasures: Literary Classics, Short, Sweet, and Silly",Â£52.87,Three
Raymie Nightingale,Â£34.41,Two
Playing from the Heart,Â£32.38,One
Maybe Something Beautiful: How Art Transformed a Neighborhood,Â£22.54,One
The Wild Robot,Â£56.07,Three
The Thing About Jellyfish,Â£48.77,One
The Lonely Ones,Â£43.59,Five
The Day the Crayons Came Home (Crayons),Â£26.33,Five
